{
	"credit": "Made with Blockbench",
	"textures": {
		"0": "mask/med_mask/white_wool",
		"1": "mask/med_mask/lead_knot",
		"particle": "mask/med_mask/white_wool"
	},
	"elements": [
		{
			"from": [0, 4, 1],
			"to": [16, 7, 2],
			"faces": {
				"north": {"uv": [0, 0, 16, 3], "texture": "#0"},
				"east": {"uv": [0, 0, 1, 3], "texture": "#0"},
				"south": {"uv": [0, 0, 16, 3], "texture": "#0"},
				"west": {"uv": [0, 0, 1, 3], "texture": "#0"},
				"up": {"uv": [0, 0, 16, 1], "texture": "#0"},
				"down": {"uv": [0, 0, 16, 1], "texture": "#0"}
			}
		},
		{
			"from": [-1, 5, 1],
			"to": [0, 6, 7],
			"faces": {
				"north": {"uv": [0, 3, 7, 4], "texture": "#1"},
				"east": {"uv": [0, 3, 7, 4], "texture": "#1"},
				"south": {"uv": [0, 3, 7, 4], "texture": "#1"},
				"west": {"uv": [0, 3, 7, 4], "texture": "#1"},
				"up": {"uv": [6.5, 0, 7.5, 7], "texture": "#1"},
				"down": {"uv": [4, 0, 5, 7], "texture": "#1"}
			}
		},
		{
			"from": [16, 5, 1],
			"to": [17, 6, 7],
			"rotation": {"angle": 0, "axis": "y", "origin": [25, 8, 8]},
			"faces": {
				"north": {"uv": [2.5, 5, 3.5, 6], "texture": "#1"},
				"east": {"uv": [0.5, 3.5, 7.5, 4.5], "texture": "#1"},
				"south": {"uv": [4, 4, 5, 5], "texture": "#1"},
				"west": {"uv": [1, 3.5, 8, 4.5], "texture": "#1"},
				"up": {"uv": [4, 0, 5, 7], "texture": "#1"},
				"down": {"uv": [3.5, 0, 4.5, 7], "texture": "#1"}
			}
		},
		{
			"from": [-1, 7, 6],
			"to": [0, 8, 13],
			"faces": {
				"north": {"uv": [0, 5, 7, 6], "texture": "#1"},
				"east": {"uv": [0, 5, 7, 6], "texture": "#1"},
				"south": {"uv": [0, 5, 7, 6], "texture": "#1"},
				"west": {"uv": [0, 5, 7, 6], "texture": "#1"},
				"up": {"uv": [3, 0, 4, 7], "texture": "#1"},
				"down": {"uv": [5.5, 0, 6.5, 7], "texture": "#1"}
			}
		},
		{
			"from": [-1, 7, 13],
			"to": [0, 8, 15],
			"faces": {
				"north": {"uv": [0, 3.5, 2, 4.5], "texture": "#1"},
				"east": {"uv": [0, 3.5, 2, 4.5], "texture": "#1"},
				"south": {"uv": [0, 3.5, 2, 4.5], "texture": "#1"},
				"west": {"uv": [0, 3.5, 2, 4.5], "texture": "#1"},
				"up": {"uv": [0, 3.5, 1, 5.5], "texture": "#1"},
				"down": {"uv": [0, 3.5, 1, 5.5], "texture": "#1"}
			}
		},
		{
			"from": [16, 7, 13],
			"to": [17, 8, 15],
			"faces": {
				"north": {"uv": [3.5, 5, 5.5, 6], "texture": "#1"},
				"east": {"uv": [3.5, 5, 5.5, 6], "texture": "#1"},
				"south": {"uv": [3.5, 5, 5.5, 6], "texture": "#1"},
				"west": {"uv": [3.5, 5, 5.5, 6], "texture": "#1"},
				"up": {"uv": [3.5, 5, 4.5, 7], "texture": "#1"},
				"down": {"uv": [3.5, 5, 4.5, 7], "texture": "#1"}
			}
		},
		{
			"from": [0, 7, 14],
			"to": [16, 8, 15],
			"faces": {
				"north": {"uv": [0, 3, 12, 3.5], "texture": "#1"},
				"east": {"uv": [0, 3, 12, 3.5], "texture": "#1"},
				"south": {"uv": [0, 3, 12, 3.5], "texture": "#1"},
				"west": {"uv": [0, 3, 12, 3.5], "texture": "#1"},
				"up": {"uv": [0, 3, 12, 3.5], "texture": "#1"},
				"down": {"uv": [0, 3, 12, 3.5], "texture": "#1"}
			}
		},
		{
			"from": [16, 7, 6],
			"to": [17, 8, 13],
			"rotation": {"angle": 0, "axis": "y", "origin": [25, 8, 8]},
			"faces": {
				"north": {"uv": [7.5, 3.5, 8.5, 4.5], "texture": "#1"},
				"east": {"uv": [0, 3, 7, 4], "texture": "#1"},
				"south": {"uv": [4, 0, 5, 7], "texture": "#1"},
				"west": {"uv": [2, 4, 9, 5], "texture": "#1"},
				"up": {"uv": [4, 0, 5, 7], "texture": "#1"},
				"down": {"uv": [4, 0, 5, 7], "texture": "#1"}
			}
		},
		{
			"from": [-1, 6, 6],
			"to": [0, 7, 7],
			"faces": {
				"north": {"uv": [1.5, 3.5, 2.5, 4.5], "texture": "#1"},
				"east": {"uv": [1.5, 3.5, 2.5, 4.5], "texture": "#1"},
				"south": {"uv": [1.5, 3.5, 2.5, 4.5], "texture": "#1"},
				"west": {"uv": [1.5, 3.5, 2.5, 4.5], "texture": "#1"},
				"up": {"uv": [1.5, 3.5, 2.5, 4.5], "texture": "#1"},
				"down": {"uv": [1.5, 3.5, 2.5, 4.5], "texture": "#1"}
			}
		},
		{
			"from": [16, 6, 6],
			"to": [17, 7, 7],
			"rotation": {"angle": 0, "axis": "y", "origin": [25, 8, 8]},
			"faces": {
				"north": {"uv": [2, 4, 3, 5], "texture": "#1"},
				"east": {"uv": [2, 4, 3, 5], "texture": "#1"},
				"south": {"uv": [2, 4, 3, 5], "texture": "#1"},
				"west": {"uv": [2, 4, 3, 5], "texture": "#1"},
				"up": {"uv": [2, 4, 3, 5], "texture": "#1"},
				"down": {"uv": [2, 4, 3, 5], "texture": "#1"}
			}
		}
	],
	"display": {
		"thirdperson_righthand": {
			"rotation": [78, 0, -65],
			"translation": [3.25, -1.75, 0],
			"scale": [0.5, 0.5, 0.5]
		},
		"thirdperson_lefthand": {
			"rotation": [78, 0, -65],
			"translation": [3.25, -1.75, 0],
			"scale": [0.5, 0.5, 0.5]
		},
		"ground": {
			"scale": [1, 0.48, 0.48]
		},
		"head": {
			"translation": [0, -2.5, 0],
			"scale": [0.78, 1, 1]
		}
	}
}